select version();

CREATE TABLE Users (
    user_id INT PRIMARY KEY,
    full_name VARCHAR(255) NOT NULL,
    email VARCHAR(30) UNIQUE NOT NULL,
    role VARCHAR(30) NOT NULL,
    phone_number VARCHAR(20)
);

CREATE TABLE Matches (
    match_id INT PRIMARY KEY,
    fixture VARCHAR(150) NOT NULL,
    tournament_category VARCHAR(50) NOT NULL,
    base_ticket_price DECIMAL(10,2) NOT NULL,
    match_status VARCHAR(30) NOT NULL
);

CREATE TABLE Bookings (
    booking_id INT PRIMARY KEY,
    user_id INT NOT NULL,
    match_id INT NOT NULL,
    seat_number VARCHAR(20),
    payment_status VARCHAR(20),
    total_cost DECIMAL(10,2) NOT NULL,
    FOREIGN KEY (user_id) REFERENCES Users(user_id),
    FOREIGN KEY (match_id) REFERENCES Matches(match_id)
);

INSERT INTO Users VALUES
(1,'Tanvir Rahman','tanvir@mail.com','Football Fan','+8801711111111'),
(2,'Asif Haque','asif@mail.com','Football Fan','+8801722222222'),
(3,'Sajjad Rahman','sajjad@mail.com','Ticket Manager','+8801733333333'),
(4,'Jannat Ara','jannat@mail.com','Football Fan',NULL);

INSERT INTO Matches VALUES
(101,'Real Madrid vs Barcelona','Champions League',150,'Available'),
(102,'Man City vs Liverpool','Premier League',120,'Selling Fast'),
(103,'Bayern Munich vs PSG','Champions League',130,'Available'),
(104,'AC Milan vs Inter Milan','Serie A',90,'Sold Out'),
(105,'Juventus vs Roma','Serie A',80,'Available');

INSERT INTO Bookings VALUES
(501,1,101,'A-12','Confirmed',150),
(502,1,102,'B-04','Confirmed',120),
(503,2,101,'A-13','Confirmed',150),
(504,2,101,NULL,NULL,150),
(505,3,102,'C-20','Pending',120);

--query 1
SELECT
    match_id,
    fixture,
    base_ticket_price
FROM Matches
WHERE tournament_category = 'Champions League'
AND match_status = 'Available';

--query 2
SELECT
    user_id,
    full_name,
    email
FROM Users
WHERE full_name LIKE 'Tanvir%'
   OR full_name ILIKE '%Haque%';

--query 3 : Retrieve all booking records where the payment status is missing (NULL), replacing the empty result with 'Action Required'.
SELECT
    booking_id,
    user_id,
    match_id,
    COALESCE(payment_status, 'Action Required') AS systematic_status
FROM Bookings
WHERE payment_status IS NULL;

--query 4: 
SELECT
    b.booking_id,
    u.full_name,
    m.fixture,
    b.total_cost
FROM Bookings b
INNER JOIN Users u
ON b.user_id = u.user_id
INNER JOIN Matches m
ON b.match_id = m.match_id;

--query 5: 
SELECT
    u.user_id,
    u.full_name,
    b.booking_id
FROM Users u
LEFT JOIN Bookings b
ON u.user_id = b.user_id;

--query 6: 
SELECT
    booking_id,
    match_id,
    total_cost
FROM Bookings
WHERE total_cost >
(
    SELECT AVG(total_cost)
    FROM Bookings
);

--query 7: 
SELECT
    match_id,
    fixture,
    base_ticket_price
FROM Matches
ORDER BY base_ticket_price DESC
LIMIT 2
OFFSET 1;
